﻿<?xml version="1.0" encoding="utf-8"?>
<extension version="2.5" type="plugin" group="finder" method="upgrade">
  <name>plg_finder_fss_announce</name>
  <author>Freestyle Joomla</author>
  <creationDate>2016 06 02</creationDate>
  <authorEmail>support@freestyle-joomla.com</authorEmail>
  <authorUrl>http://www.freestyle-joomla.com</authorUrl>
  <author>Freestyle Joomla</author>
  <copyright>Copyright Freestyle Joomla 2010</copyright>
	<license>GNU/GPLv3 http://www.gnu.org/licenses/gpl-3.0.html</license>
  <version>2.5.21.2074</version>
  <description>Smart Search - Freestyle Support: Announcements</description>
  <files>
    <file plugin="fss_announce">fss_announce.php</file>
  </files>
</extension>
